作物编号,作物名称,具体品种名,植物拉丁学名,作物品类,适生季节型,适用栽培设施,采收模式,最适昼温(℃),最适夜温(℃),最适水温(℃),耐高温极限(℃),耐低温极限(℃),最适营养液EC浓度(mS/cm),最适酸碱度pH范围,最低溶解氧DO(mg/L),顶烧病(缺钙)敏感度,分子氨耐受能力,最适日累积光照DLI(mol/m²/天),光周期日照时长(小时/天),光饱和点(Lux),育苗周期(天),定植生长期(天),全生命周期总天数(天),建议定植株距(cm),定植密度(株/㎡),预期单茬产量(kg/㎡),目标糖度(Brix°),出厂最低合格糖度(Brix°),最适糖酸比,硝酸盐控制上限(mg/kg),亚硝酸盐控制上限(mg/kg),化学农药残留要求,安全限值法定法规依据,口感质构特征,风味纯化与苦涩味抑制技术,核心营养与功效成分概要,相克共线禁忌作物,农艺生产与排产备注
crop_watercress,西洋菜 (豆瓣菜),广府大叶西洋菜,Nasturtium officinale,水生草本植物,冷凉喜凉型,刀刮布落地水培菜池、不锈钢离地水培菜池、通用水培深水池、浅液流水培管道,割茬连续多次采收,18.0~22.0,12.0~16.0,16.0~20.0,25.0,8.0,1.4~1.8,6.2~6.8,6.5,低敏感,高耐受度,14.0~18.0,12.0~14.0,35000,10,28,38,15.0,36.0,4.5,3.2,2.2,-,2500.0,2.0,ND (Not Detected，纯物理/天敌防虫与水生生态循环，化学农药零检出),Commission Regulation (EU) 2021/1323 & GB 2762-2022,茎秆脆嫩中空、汁水丰盈、入口无纤维丝感,采收前微调水温与EC，维持纯正西洋菜清香与柔和芥末辛香，抑制纤维木质化,维生素C (抗坏血酸): 目标55.0 mg/100g(鲜重)；铁元素 (Fe): 目标3.2 mg/100g(鲜重)；硫代葡萄糖苷 (萝卜硫素前体): 目标110.0 mg/100g(鲜重),crop_watermelon、crop_cucumber_dutch,权威水生宿根植物；适温15~20℃，水温>23℃或气温>25℃迅速纤维化并抽薹开白花；深水跑道/菜池富氧下白根极旺，需高溶氧(DO≥6.5mg/L)
crop_butterhead_lettuce,奶油生菜 (波士顿/黄油生菜),萨拉诺瓦绿奶油 (Salanova Green Butter),Lactuca sativa var. capitata,散叶/结球生菜 (莴苣属),冷凉喜凉型,刀刮布落地水培菜池、不锈钢离地水培菜池、通用水培深水池、浅液流水培管道、A字架立体基质架,整株一次性切根采收,19.0~22.0,13.0~16.0,16.0~20.0,24.0,5.0,1.2~1.6,5.8~6.5,6.8,高敏感 (需补钙),耐受度低 (要求硝化彻底),14.0~17.0,12.0~14.0,32000,14,32,46,20.0,24.0,3.8,3.8,2.8,-,2500.0,2.0,ND (Not Detected，天敌昆虫与防虫网物理防治),Commission Regulation (EU) 2021/1323 (温室夏季生菜上限4000mg/kg，基地严控≤2500),叶质柔嫩致密，如黄油般丝滑软糯，沙拉生食无渣,避免高温诱导莴苣素积累，采收前48h降温控氮，口感温润无苦味,维生素C: 目标22.0 mg/100g(鲜重)；天然叶酸: 目标75.0 μg/100g(鲜重)；莴苣苦素 (苦味物质限量指标): 目标0.05 mg/g(干重),crop_water_spinach、crop_watermelon,沙拉四大金刚之一，叶肉丝滑柔嫩，清甜多汁，采收前48h降温促糖
crop_red_oakleaf_lettuce,红橡叶生菜 (红沙拉/红罗莎),萨拉诺瓦红橡 (Salanova Red Oakleaf),Lactuca sativa var. crispa,散叶/结球生菜 (莴苣属),冷凉喜凉型,刀刮布落地水培菜池、不锈钢离地水培菜池、通用水培深水池、浅液流水培管道、A字架立体基质架,整株一次性切根采收,18.0~22.0,12.0~15.0,16.0~20.0,24.0,5.0,1.2~1.5,5.8~6.4,6.5,中等敏感,耐受度低 (要求硝化彻底),15.0~18.0,12.0~14.0,35000,14,30,44,20.0,24.0,3.2,4.0,2.8,-,3000.0,2.0,ND (Not Detected),Commission Regulation (EU) 2021/1323 & NY/T 743-2020,波浪齿缘蓬松轻盈，质地娇嫩清脆，摆盘立体感强,强光温差诱导花青素累积同时不增加单宁涩味,花青素: 目标16.5 mg/100g(鲜重)；维生素C: 目标24.0 mg/100g(鲜重),crop_water_spinach、crop_watermelon,沙拉颜值担当，富含花青素，强光与昼夜温差可促进红艳着色
crop_green_oakleaf_lettuce,绿橡叶生菜 (绿珊瑚/散叶沙拉),萨拉诺瓦绿橡 (Salanova Green Oakleaf),Lactuca sativa var. crispa,散叶/结球生菜 (莴苣属),冷凉喜凉型,刀刮布落地水培菜池、不锈钢离地水培菜池、通用水培深水池、浅液流水培管道、A字架立体基质架,整株一次性切根采收,19.0~23.0,13.0~16.0,17.0~20.0,25.0,6.0,1.3~1.6,5.8~6.5,6.5,中等敏感,耐受度低 (要求硝化彻底),14.0~17.0,12.0~14.0,32000,14,28,42,20.0,24.0,3.5,3.8,2.8,-,2800.0,2.0,ND (Not Detected),Commission Regulation (EU) 2021/1323,叶缘裂齿波浪舒展，咬感松脆多汁,清甜微甘，零涩味，适宜免洗直接生拌,叶黄素: 目标2.8 mg/100g(鲜重)；维生素C: 目标20.0 mg/100g(鲜重),crop_water_spinach,沙拉蓬松度骨架，翠绿如橡叶，吸汁力极强
crop_romaine_lettuce,罗马生菜 (凯撒生菜/长叶生菜),直立绿罗马 (Verte Maraichere),Lactuca sativa var. longifolia,散叶/结球生菜 (莴苣属),冷凉喜凉型,刀刮布落地水培菜池、不锈钢离地水培菜池、通用水培深水池、浅液流水培管道、A字架立体基质架,整株一次性切根采收,18.0~22.0,12.0~15.0,16.0~19.0,24.0,5.0,1.4~1.8,6.0~6.6,6.8,极高敏感 (严防心腐),耐受度低 (要求硝化彻底),15.0~18.0,12.0~14.0,36000,14,35,49,22.0,20.0,4.2,4.2,3.0,-,2500.0,2.0,ND (Not Detected),Commission Regulation (EU) 2021/1323,中肋叶脉厚实粗壮，折断清脆声响亮，凯撒沙拉经典硬脆质感,避免高温期快速抽薹导致的苦汁生成，保持主脉清甜爽口,β-胡萝卜素: 目标1800.0 μg/100g(鲜重)；维生素C: 目标26.0 mg/100g(鲜重),crop_water_spinach、crop_watermelon,凯撒沙拉灵魂，叶柄爽脆多汁，对钙极为敏感，必须强化跑道垂直对流
crop_sabah_snake_grass,忧遁草 (优盾草/鳄嘴花/青箭草/沙巴蛇草),华南大叶优盾草 (特选扦插苗),Clinacanthus nutans,药食同源功能蔬菜,四季广温型,刀刮布落地水培菜池、不锈钢离地水培菜池、通用水培深水池、浅液流水培管道、A字架立体基质架,割茬连续多次采收,22.0~28.0,16.0~20.0,20.0~25.0,35.0,10.0,1.5~2.2,6.0~7.0,5.5,低敏感,高耐受度,12.0~16.0,10.0~12.0,30000,20,35,55,18.0,28.0,2.8,3.0,2.0,-,2000.0,2.0,ND (零农残，药食同源严格保护),海南省食品安全地方标准 DBS 46/002-2019 & 《中国药典》,嫩茎嫩叶脆嫩少筋，焯水后质地润滑,水培嫩梢叶片草青气柔和无刺鼻腥味，煮汤/打青汁滑润甘平,总黄酮 (以芦丁计): 目标550.0 mg/100g(干重)；粗蛋白质: 目标21.0 g/100g(干重)；三萜类化合物 (羽扇豆醇等): 目标18.0 mg/g(干重),,权威热带亚热带中草药蔬菜；富含总黄酮、羽扇豆醇与多酚；适温22~28℃，低于12℃休眠；耐氨氮与高EC能力强，剪取嫩梢连续采收，是华南高端养生青汁与药膳的核心单品
crop_xuetongcai,血通菜 (宽叶十万错/活力菜/赤道樱草),华南栽培型宽叶十万错 (特选丰产系),Asystasia gangetica subsp. micrantha,药食同源功能蔬菜,四季广温型,刀刮布落地水培菜池、不锈钢离地水培菜池、通用水培深水池、浅液流水培管道、A字架立体基质架,割茬连续多次采收,20.0~26.0,14.0~18.0,18.0~24.0,32.0,8.0,1.4~2.0,6.0~6.8,6.0,低敏感,中等耐受,12.0~16.0,10.0~12.0,30000,15,28,43,18.0,28.0,3.2,3.5,2.5,-,2500.0,2.0,ND (Not Detected),NY/T 743-2020 & 绿色食品标准,叶肉肥厚多汁，滑炒脆嫩，口感似豆苗与木耳菜结合体,采收前控温，避免单宁积累，保持清甜原汁原味,铁元素 (Fe): 目标3.8 mg/100g(鲜重)；β-胡萝卜素: 目标4200.0 μg/100g(鲜重)；维生素C: 目标38.0 mg/100g(鲜重),,【权威辨析】：华南及港台现代有机农场与水培温室中，“血通菜”官方学名为爵床科十万错属【宽叶十万错】（又名活力菜、赤道樱草）；因富含类胡萝卜素、维生素E及铁元素，具散瘀通脉之称故名“血通菜”。（注：民间偶有将菊科紫背菜混称者，但现代设施栽培标准物种为本爵床科无毒优良品系）。生长极快，20~25天割一茬嫩梢
crop_gynura_divaricata,片仔癀草 (白凤菜/白背三七/肝炎草),漳州农家白凤菜,Gynura divaricata,药食同源功能蔬菜,四季广温型,刀刮布落地水培菜池、不锈钢离地水培菜池、通用水培深水池、浅液流水培管道、A字架立体基质架,割茬连续多次采收,20.0~26.0,15.0~18.0,18.0~24.0,32.0,8.0,1.4~2.0,6.0~6.8,6.0,低敏感,中等耐受,12.0~15.0,10.0~12.0,28000,18,30,48,20.0,24.0,3.0,3.0,2.0,-,2000.0,2.0,ND (Not Detected),【特别毒理警戒】含微量双稠吡咯啶生物碱(PA)，出厂严格标注熟食/焯水食用，不可过量生食；限值遵从 EFSA & 卫生标准,叶背带短绒毛，熟制后软糯鲜滑,焯水后草酸与生物碱显著降低，微咸鲜香，滑润温和,总黄酮: 目标420.0 mg/100g(干重)；绿原酸: 目标180.0 mg/100g(干重),,【权威药理与食安红线】：福建漳州民间因其清热凉血消肿、功效方向与名贵中成药片仔癀相似而俗称“片仔癀草”（但二者并无植物源关系）；属菊三七属，含微量双稠吡咯啶生物碱(PA)，不可生食沙拉，严禁过量天天连续单吃，必须焯水熟食、煲汤或煮水饮用
crop_choy_sum,广东菜心 (油青菜心),四九油青菜心 (特选),Brassica rapa var. parachinensis,十字花科绿叶菜,冷凉喜凉型,刀刮布落地水培菜池、不锈钢离地水培菜池、通用水培深水池、浅液流水培管道,整株一次性切根采收,18.0~24.0,12.0~16.0,18.0~22.0,28.0,6.0,1.5~2.0,6.0~6.8,6.5,中等敏感,中等耐受,14.0~18.0,11.0~13.0,35000,10,26,36,15.0,36.0,3.6,4.6,3.5,-,2000.0,2.0,ND (零化学农药检出，绿色食品最高等级),NY/T 743-2020《绿色食品 绿叶类蔬菜》,菜薹肥壮挺拔、清脆脆爽、一折即断、无渣无筋,水肥平衡抑制过量芥子油苷苦味，清甜回甘浓郁,维生素C: 目标48.0 mg/100g(鲜重)；粗纤维 (低纤维控渣指标): 目标0.75 g/100g(鲜重)；钙元素 (Ca): 目标110.0 mg/100g(鲜重),,广东家庭刚需餐桌顶流，水培60目防虫网杜绝菜青虫，做到0农残免洗
crop_spinach,大叶菠菜 (水培甜菠菜),日本大叶耐寒菠菜,Spinacia oleracea,特色绿叶菜类,冷凉喜凉型,刀刮布落地水培菜池、不锈钢离地水培菜池、通用水培深水池、浅液流水培管道,整株一次性切根采收,16.0~20.0,10.0~14.0,15.0~18.0,23.0,3.0,1.4~1.8,6.2~7.0,7.0,低敏感,耐受度低 (要求硝化彻底),12.0~16.0,10.0~12.0,30000,12,30,42,15.0,36.0,3.0,6.8,5.0,-,3000.0,2.0,ND (Not Detected),Commission Regulation (EU) 2021/1323 (菠菜温室限值3500mg/kg，基地控在3000以内),叶肉肥厚平滑、脆嫩多汁，甘甜浓郁,【品质核心】采收前48h断氮纯水循环并配合根区冷水低温，阻断草酸合成并诱导细胞蓄糖，生食完全不涩牙,草酸 (涩味与结石风险控制限量): 目标380.0 mg/100g(鲜重)；维生素C: 目标42.0 mg/100g(鲜重)；铁元素 (Fe): 目标3.1 mg/100g(鲜重),crop_water_spinach,极怕高温与水温过高，冬春专属；水培根白无泥沙，叶酸极其丰富
crop_garland_chrysanthemum,茼蒿菜 (花叶茼蒿/菊花菜),细叶芳香茼蒿,Glebionis coronaria,特色绿叶菜类,冷凉喜凉型,刀刮布落地水培菜池、不锈钢离地水培菜池、通用水培深水池、浅液流水培管道,整株一次性切根采收,17.0~22.0,10.0~15.0,16.0~20.0,25.0,4.0,1.4~1.9,6.0~6.8,6.5,低敏感,中等耐受,13.0~16.0,10.0~12.0,32000,10,25,35,15.0,36.0,3.2,3.6,2.5,-,2500.0,2.0,ND (Not Detected),NY/T 743-2020,嫩茎鲜脆挺拔、叶片多汁娇嫩，烫火锅入口即化,避免高温诱导开花木质化，保持特有香叶醇与蒎烯醇香气清雅甘醇,β-胡萝卜素: 目标2200.0 μg/100g(鲜重)；钾元素 (K): 目标280.0 mg/100g(鲜重),,火锅打边炉王牌，自身带芳香精油天然抗虫，生长极快25天起批
crop_youmaicai,油麦菜 (牛俐油麦菜),特选四季香油麦菜,Lactuca sativa var. longifoliaf. crispa,特色绿叶菜类,冷凉喜凉型,刀刮布落地水培菜池、不锈钢离地水培菜池、通用水培深水池、浅液流水培管道,整株一次性切根采收,18.0~23.0,12.0~16.0,17.0~21.0,26.0,5.0,1.4~1.8,6.0~6.6,6.5,中等敏感,中等耐受,14.0~18.0,12.0~14.0,35000,12,28,40,18.0,28.0,3.6,4.0,2.8,-,2200.0,2.0,ND (Not Detected),Commission Regulation (EU) 2021/1323 & NY/T 743-2020,长披针形叶片挺括多汁，清脆爆汁无筋,水肥光温精控，彻底消除土培油麦菜尾调苦涩味，清甜回甘纯正,维生素C: 目标25.0 mg/100g(鲜重)；钙元素 (Ca): 目标85.0 mg/100g(鲜重),crop_water_spinach,菊科莴苣属，脆甜少渣，耐水培性能优异
crop_kale_curly,羽衣甘蓝 (科西嘉深绿卷叶),科西嘉卷叶 (Corsica Curly),Brassica oleracea var. sabellica,十字花科绿叶菜,冷凉喜凉型,刀刮布落地水培菜池、不锈钢离地水培菜池、通用水培深水池、浅液流水培管道,分批剥叶采收,17.0~22.0,10.0~15.0,16.0~20.0,26.0,0.0,1.6~2.2,6.0~6.8,6.5,低敏感,中等耐受,15.0~20.0,12.0~14.0,40000,18,40,58,25.0,16.0,5.0,5.5,4.0,-,2500.0,2.0,ND (Not Detected),NY/T 743-2020 & EU 2021/1323,重度卷曲深蓝绿叶片，紧实弹韧，适宜撕叶鲜榨或低温风干脆片,秋冬大温差诱导糖分累积，显著中和芥子油苷苦涩感，打精力汤口感温润,维生素C: 目标95.0 mg/100g(鲜重)；钙元素 (Ca): 目标160.0 mg/100g(鲜重)；叶黄素与玉米黄素: 目标18.0 mg/100g(鲜重),,超级减脂食物，中产青汁与烤脆片首选，剥叶连续采收可维持90天
crop_cherry_tomato_red,多彩圣女果 (红宝石千禧),千禧粉红 / 红太阳,Solanum lycopersicum var. cerasiforme,茄果类 (小番茄/辣椒),四季广温型,独立荷兰桶/种植袋、高架单层基质槽,分批成熟采摘,22.0~26.0,15.0~18.0,18.0~22.0,32.0,10.0,2.2~2.8,5.8~6.4,6.0,高敏感 (需补钙),耐受度低 (要求硝化彻底),20.0~28.0,14.0~16.0,60000,30,75,105,45.0,3.0,12.0,10.0,8.8,9.5~11.5,200.0,2.0,ND (Not Detected，严格物理诱捕+天敌防治，蜜蜂授粉期严禁一切化学农药),GB 2762-2022 & NY/T 426-2021《绿色食品 茄果类蔬菜》,果皮薄韧不裂果，一口爆浆，果肉紧实细腻,基质滴灌采收前严格负压控水，浓缩糖分与芳香醇类，杜绝空心与水味,番茄红素: 目标8.5 mg/100g(鲜重)；维生素C: 目标36.0 mg/100g(鲜重),crop_butterhead_lettuce、crop_romaine_lettuce,荷兰桶椰糠基质滴灌高架吊蔓，糖度9~10°Brix，爆汁无渣，坪效极高
crop_cherry_tomato_yellow,多彩圣女果 (黄珍珠黄金蜜),黄金蜜 / 黄晶珍珠,Solanum lycopersicum var. cerasiforme,茄果类 (小番茄/辣椒),四季广温型,独立荷兰桶/种植袋、高架单层基质槽,分批成熟采摘,22.0~26.0,15.0~18.0,18.0~22.0,32.0,10.0,2.0~2.6,5.8~6.4,6.0,高敏感 (需补钙),耐受度低 (要求硝化彻底),20.0~26.0,14.0~16.0,55000,30,72,102,45.0,3.0,10.5,10.5,9.2,10.5~12.5,200.0,2.0,ND (Not Detected),GB 2762-2022 & NY/T 426-2021,果形浑圆晶莹剔透，果皮极薄，脆甜多汁,低酸高糖，果香清爽类似蜂蜜与热带水果复合香气,β-胡萝卜素与叶黄素复合物: 目标1500.0 μg/100g(鲜重)；维生素C: 目标38.0 mg/100g(鲜重),crop_butterhead_lettuce,五彩圣女果黄色系，极低酸度纯甜口感，果实金黄晶莹
crop_cherry_tomato_black,多彩圣女果 (黑珍珠巧克力小番茄),黑珍珠 / 巧克力夏娃,Solanum lycopersicum var. cerasiforme,茄果类 (小番茄/辣椒),四季广温型,独立荷兰桶/种植袋、高架单层基质槽,分批成熟采摘,22.0~27.0,14.0~17.0,18.0~22.0,32.0,10.0,2.2~2.8,5.8~6.4,6.0,中等敏感,耐受度低 (要求硝化彻底),22.0~30.0,14.0~16.0,65000,30,78,108,45.0,3.0,9.5,9.2,8.0,8.5~10.5,200.0,2.0,ND (Not Detected),GB 2762-2022 & NY/T 426-2021,黑紫红皮色，果肉厚实柔滑、汁水浓稠丰满,保留特征性醇厚番茄酸甜与黑番茄特有烟熏浆果余韵,果皮花青素: 目标24.0 mg/100g(鲜重)；番茄红素: 目标6.8 mg/100g(鲜重),crop_butterhead_lettuce,五彩黑色系，高花青素微黑紫红色，带特有复合木本香气
crop_strawberry_elevated,高架草莓 (红颜/隋珠),日本红颜 (Tochiotome) / 隋珠,Fragaria × ananassa,浆果类 (高架草莓),冷凉喜凉型,A字架立体基质架、高架单层基质槽,分批成熟采摘,20.0~24.0,8.0~12.0,16.0~19.0,28.0,5.0,1.0~1.4,5.8~6.2,6.5,高敏感 (需补钙),耐受度低 (要求硝化彻底),15.0~20.0,12.0~14.0,45000,45,90,135,20.0,10.0,3.5,12.8,10.8,11.5~14.5,150.0,2.0,ND (Not Detected，熊蜂授粉与以螨治螨生物防治，免洗食用级零化学农药),NY/T 444-2020《绿色食品 草莓》 & GB 2762-2022,果实圆锥形鲜红明亮，果肉细嫩多汁，带有独特浓郁水蜜桃与奶油复合甜香,昼夜温差(24℃/8℃)与低温寡照补光避免果实过早着色发酸，确保糖酸完美熟化,维生素C: 目标65.0 mg/100g(鲜重)；总多酚物质 (以没食子酸计): 目标220.0 mg/100g(鲜重),crop_watermelon、crop_cucumber_dutch,1.2米离地高架椰糠基质栽培，高光低肥，滴箭精准水肥，观光采摘顶流
crop_water_spinach,空心菜 (水蕹菜/泰国白骨空心菜),泰国竹叶白骨水蕹菜,Ipomoea aquatica,盛夏耐热绿叶菜,喜温耐热型,刀刮布落地水培菜池、不锈钢离地水培菜池、通用水培深水池、浅液流水培管道,割茬连续多次采收,28.0~34.0,20.0~25.0,24.0~29.0,40.0,15.0,1.8~2.5,6.2~7.2,5.0,低敏感,高耐受度,22.0~32.0,14.0~16.0,70000,8,20,28,15.0,36.0,6.5,3.2,2.2,-,2200.0,2.0,ND (Not Detected),NY/T 743-2020 & GB 2762-2022,白骨粗茎中空脆嫩、咬嚼清脆声明显、无老渣,充足流动水培抑制纤维老化与铁质沉淀涩味，爆炒碧绿不发黑,钾元素 (K): 目标320.0 mg/100g(鲜重)；维生素C: 目标35.0 mg/100g(鲜重),crop_butterhead_lettuce、crop_romaine_lettuce、crop_spinach,光明盛夏霸主，深水跑道强力吸收鱼池硝酸盐，20天一茬高周转
